{"freq": 4677857270.602841, "dur": 40, "amp": 0.23678929765886286, "beta": 0}