{"freq": 4677857270.602841, "dur": 40, "amp": 0.4797979797979798, "beta": 0}